School unit name,elementary school cases,middle schools cases,high schools cases,Gender,Reporting date
Stuart,13,34,90,F,6/25/2021
Randy,5,51,47,F,12/17/2020
Gale,78,63,29,F,2/19/2021
Bellgrove,99,3,8,M,3/5/2021
Elmside,60,35,73,F,10/29/2020
Village,26,91,87,M,2/9/2021
Heffernan,67,15,26,F,11/17/2020
Gulseth,27,29,60,F,9/26/2020
Golf Course,80,29,98,F,9/1/2020
Lakewood,64,66,61,M,11/1/2020
Bultman,44,85,63,M,4/19/2021
Bobwhite,69,67,51,F,1/19/2021
Pankratz,65,11,51,M,3/17/2021
Old Gate,56,33,8,M,1/10/2021
Lotheville,28,63,22,M,10/20/2020
Helena,29,63,30,M,11/2/2020
Shasta,39,7,84,M,7/18/2021
Springs,58,98,99,M,3/9/2021
Sunfield,84,69,62,F,4/17/2021
Village,70,76,64,F,6/21/2021
Shelley,93,10,27,M,6/23/2021
Gerald,76,27,42,F,6/12/2021
Paget,14,39,85,F,4/9/2021
Kennedy,80,74,19,F,6/10/2021
Forest Run,45,35,90,M,5/11/2021
Thompson,54,61,93,F,5/15/2021
Westerfield,6,80,69,F,10/11/2020
Autumn Leaf,29,93,99,M,8/2/2021
Shasta,17,81,90,M,11/18/2020
Sycamore,29,76,11,M,7/31/2021
Oxford,75,35,55,F,3/5/2021
Old Gate,86,10,86,M,3/6/2021
Acker,57,35,49,M,12/29/2020
Monument,76,57,6,F,9/25/2020
David,41,73,81,M,4/21/2021
Stone Corner,37,26,8,F,3/16/2021
Duke,87,7,42,M,6/30/2021
Golden Leaf,19,78,71,F,5/31/2021
Kenwood,86,3,17,M,10/30/2020
Fairview,30,44,52,M,1/18/2021
Thompson,58,46,71,F,8/31/2020
Delaware,37,16,27,M,12/30/2020
Victoria,48,98,90,M,12/4/2020
Quincy,54,71,93,F,10/4/2020
Crest Line,32,92,27,M,6/30/2021
Moland,47,78,5,M,1/20/2021
Riverside,22,96,71,M,10/12/2020
Melrose,60,58,43,M,6/7/2021
Golf View,66,36,83,F,3/14/2021
Birchwood,97,4,77,M,8/16/2020
Del Mar,69,87,91,M,12/4/2020
High Crossing,37,81,39,M,9/10/2020
Summit,89,53,45,F,7/15/2021
Packers,85,50,87,M,3/2/2021
Melvin,99,98,92,M,9/15/2020
Elka,76,80,19,M,3/6/2021
American Ash,62,24,2,F,6/5/2021
Gina,88,80,91,M,10/16/2020
Spenser,37,7,90,M,10/15/2020
Lerdahl,25,16,35,M,6/1/2021
Mayfield,17,57,6,F,8/13/2021
Roxbury,27,53,37,F,1/20/2021
Jana,20,38,84,M,2/4/2021
Del Sol,84,59,20,M,9/21/2020
South,88,57,49,F,4/26/2021
Tennyson,39,33,19,F,2/28/2021
Mcguire,23,25,25,F,8/5/2021
Mcbride,45,22,22,M,12/11/2020
Iowa,98,73,53,F,11/14/2020
Declaration,33,36,25,M,8/11/2021
Weeping Birch,34,45,63,F,1/26/2021
Mccormick,77,72,18,F,11/28/2020
Anniversary,91,54,66,M,2/21/2021
Schurz,13,70,1,F,11/5/2020
Meadow Valley,46,86,24,F,4/5/2021
Del Sol,43,27,11,M,5/15/2021
Kingsford,21,10,19,F,12/5/2020
Bartillon,21,4,39,M,6/26/2021
Miller,26,25,40,M,7/2/2021
Mifflin,84,7,83,F,11/21/2020
Orin,79,33,99,F,10/20/2020
Nelson,89,17,81,F,12/12/2020
Mccormick,23,93,98,F,8/18/2020
Jackson,66,93,45,F,11/5/2020
Ridgeway,89,32,69,F,6/5/2021
Bunting,46,24,12,F,12/9/2020
Butterfield,27,79,51,M,4/21/2021
Pond,38,100,9,M,6/26/2021
Morningstar,69,32,67,M,12/3/2020
Sage,55,93,72,F,1/22/2021
Waubesa,59,2,81,F,11/8/2020
Crownhardt,34,30,91,M,3/22/2021
Elka,51,52,57,F,2/6/2021
Grasskamp,9,26,63,F,11/28/2020
Swallow,45,42,65,F,4/24/2021
La Follette,50,69,46,F,8/30/2020
Jay,3,77,61,F,8/24/2020
Mitchell,90,69,64,M,2/9/2021
Merrick,14,58,10,M,4/27/2021
Hansons,20,70,95,F,8/2/2021
Sherman,59,53,78,F,8/16/2020
Lyons,28,71,34,F,1/12/2021
Mallard,97,97,80,M,5/16/2021
Heffernan,30,16,51,M,3/27/2021
Sherman,89,62,24,M,7/14/2021
Fisk,80,9,28,F,10/29/2020
Kedzie,88,76,8,M,9/17/2020
Toban,30,67,79,F,6/16/2021
Bobwhite,63,9,9,F,3/14/2021
Eastwood,19,92,28,M,4/1/2021
Springview,55,72,21,F,5/8/2021
Merchant,82,29,44,F,2/22/2021
Knutson,36,62,40,F,11/17/2020
School,32,29,78,M,7/2/2021
Waubesa,55,12,57,M,5/22/2021
Prairieview,7,97,64,F,10/22/2020
Kenwood,44,97,37,M,7/1/2021
Oak,72,79,6,M,1/2/2021
Hovde,74,8,36,F,7/30/2021
Almo,48,41,11,M,7/28/2021
East,24,1,39,F,5/5/2021
Meadow Ridge,21,89,91,M,10/28/2020
Loftsgordon,52,12,4,F,5/13/2021
Bluejay,37,15,15,M,6/16/2021
Linden,91,92,4,M,4/2/2021
Carioca,46,42,51,M,5/20/2021
Stang,44,41,85,F,7/12/2021
Dryden,65,99,98,M,6/6/2021
Golf Course,27,11,70,M,9/4/2020
Marcy,14,37,14,M,5/3/2021
Buhler,29,93,76,F,4/29/2021
Elka,36,48,92,M,12/7/2020
Toban,4,59,74,F,7/31/2021
Mitchell,43,1,56,M,9/8/2020
Oxford,93,65,42,F,5/13/2021
Roth,32,97,44,F,8/30/2020
Dapin,39,63,64,M,1/24/2021
Hauk,64,71,15,F,5/10/2021
Sauthoff,59,62,98,F,7/6/2021
Milwaukee,45,82,62,F,8/25/2020
Brown,6,49,78,F,5/1/2021
Iowa,62,22,68,F,12/31/2020
Village,23,21,85,M,2/13/2021
Jackson,62,8,48,M,8/22/2020
Leroy,21,32,49,M,3/27/2021
Manufacturers,84,52,6,F,1/15/2021
Amoth,31,92,45,F,9/24/2020
Reinke,58,80,20,M,5/18/2021
Nova,84,93,29,F,12/18/2020
Dayton,63,26,79,M,12/30/2020
Kingsford,24,22,68,M,10/6/2020
Village Green,24,44,12,F,8/31/2020
Glacier Hill,85,43,18,F,1/17/2021
Lyons,35,81,42,M,8/3/2021
Thierer,16,10,59,F,3/16/2021
Dorton,43,68,6,F,12/18/2020
Hallows,54,47,10,F,2/7/2021
Browning,19,5,56,F,6/23/2021
Knutson,5,33,19,F,9/28/2020
Holy Cross,54,44,45,F,2/21/2021
Hoffman,34,22,4,F,3/31/2021
John Wall,91,35,100,M,9/22/2020
Blue Bill Park,66,10,26,M,1/9/2021
Meadow Vale,96,48,63,M,5/1/2021
Rutledge,64,97,79,F,1/22/2021
Daystar,22,89,39,M,2/17/2021
Sullivan,8,55,6,F,5/3/2021
Rieder,8,46,30,F,5/3/2021
Kingsford,39,8,42,M,3/5/2021
Kensington,21,18,20,M,8/5/2021
Canary,9,59,70,F,9/26/2020
Iowa,60,41,79,M,12/13/2020
7th,5,61,60,M,11/2/2020
Annamark,60,32,67,M,9/1/2020
Walton,92,99,81,F,10/1/2020
Clyde Gallagher,39,80,46,M,2/15/2021
Maywood,89,97,77,F,7/17/2021
Vahlen,73,66,15,M,6/20/2021
Fairfield,40,8,48,F,4/19/2021
Stoughton,83,56,24,F,6/6/2021
Springs,2,97,22,M,12/21/2020
Anthes,67,71,98,F,2/3/2021
Killdeer,64,5,40,M,7/22/2021
Hallows,90,5,2,M,7/29/2021
Transport,91,70,3,M,10/21/2020
Briar Crest,47,39,70,F,11/8/2020
Monument,53,83,94,F,9/6/2020
Pond,3,57,55,M,6/12/2021
Surrey,21,98,64,F,10/17/2020
Sutteridge,79,8,93,M,11/15/2020
Victoria,24,71,75,M,8/26/2020
Crest Line,97,5,95,F,12/24/2020
Express,38,16,62,F,4/29/2021
Sachs,59,58,35,M,6/22/2021
Ohio,47,85,28,M,10/10/2020
Almo,35,81,81,F,1/14/2021
Starling,22,45,41,M,4/16/2021
Jenifer,5,44,43,M,11/7/2020
Fordem,73,97,56,F,11/3/2020
Southridge,58,17,95,M,5/8/2021
Toban,37,88,19,F,5/1/2021
3rd,83,49,74,F,2/12/2021
Morrow,95,95,71,F,11/16/2020
Bonner,77,24,17,F,8/30/2020
Aberg,10,93,70,M,1/22/2021
Scoville,2,33,37,F,12/31/2020
Southridge,47,11,23,F,12/29/2020
Steensland,75,68,64,F,2/2/2021
Grim,41,73,49,F,12/12/2020
Kipling,9,54,8,M,3/26/2021
Welch,87,6,67,M,6/28/2021
Fallview,64,48,4,F,6/20/2021
Darwin,88,29,38,F,7/9/2021
Northview,21,99,29,F,8/25/2020
John Wall,73,86,88,M,3/24/2021
American,68,16,96,F,9/14/2020
Crescent Oaks,91,30,61,M,7/10/2021
Bunting,20,33,100,F,8/4/2021
Killdeer,59,3,24,M,9/24/2020
Orin,6,47,58,M,6/4/2021
Heffernan,43,56,72,F,3/26/2021
Maryland,8,66,65,F,11/16/2020
Donald,71,2,63,M,10/24/2020
Debs,40,84,96,F,12/7/2020
Mcbride,29,94,35,F,5/9/2021
Gulseth,68,52,52,F,10/29/2020
Anzinger,53,21,68,F,2/24/2021
Anhalt,31,76,88,F,4/25/2021
Moose,45,14,13,M,12/5/2020
Village,35,95,71,M,9/13/2020
Butterfield,31,67,3,F,10/1/2020
Truax,3,61,99,M,8/6/2021
Northridge,87,16,91,M,12/4/2020
Buhler,2,11,62,F,1/23/2021
Northport,76,8,84,F,9/11/2020
Anniversary,92,16,59,F,11/20/2020
Thackeray,33,74,98,M,8/30/2020
Carey,16,19,40,M,8/11/2021
Jay,67,30,68,M,8/30/2020
Bartillon,28,82,47,F,3/11/2021
Weeping Birch,85,79,94,M,6/27/2021
Eagle Crest,79,61,17,M,1/31/2021
Barnett,20,73,85,M,9/20/2020
Steensland,19,90,38,M,8/15/2021
Columbus,39,33,38,F,2/23/2021
Bunting,31,100,25,F,12/12/2020
Lunder,29,12,17,M,3/4/2021
David,61,35,29,M,11/30/2020
Village,68,17,37,F,12/14/2020
Raven,44,21,52,F,6/7/2021
Oxford,32,3,63,F,8/7/2021
Golden Leaf,76,8,96,M,1/7/2021
Pawling,50,97,32,F,11/26/2020
Hooker,14,47,20,F,9/1/2020
American,44,93,96,F,6/30/2021
Summerview,14,35,94,M,12/5/2020
Spohn,18,80,25,M,7/19/2021
Welch,39,91,98,M,11/14/2020
Sachs,69,7,25,M,11/5/2020
Cambridge,61,94,80,M,12/17/2020
Lukken,15,100,23,M,1/28/2021
Kennedy,38,99,58,M,3/16/2021
Kings,63,94,71,M,7/11/2021
Eastwood,70,3,25,F,9/13/2020
Thackeray,100,40,94,F,1/4/2021
Browning,25,87,51,F,4/8/2021
Springs,87,82,88,F,5/17/2021
Lighthouse Bay,83,65,85,F,9/3/2020
Sugar,100,89,21,F,5/22/2021
Prentice,83,77,74,F,9/11/2020
Melby,97,63,55,F,12/25/2020
Straubel,14,62,71,F,9/24/2020
Burning Wood,88,91,15,F,8/31/2020
Walton,53,69,99,M,3/30/2021
Northfield,88,66,42,F,2/28/2021
Northwestern,38,18,100,F,10/30/2020
New Castle,57,92,45,M,9/3/2020
Milwaukee,85,97,95,F,2/2/2021
Monument,70,40,20,F,5/1/2021
Moose,91,8,77,F,4/29/2021
Lake View,85,15,79,F,8/20/2020
Riverside,27,48,94,M,12/9/2020
Sachs,47,44,46,M,4/27/2021
Kim,65,29,76,F,12/22/2020
Forest Dale,64,71,2,M,7/15/2021
Rowland,58,56,67,M,9/22/2020
Magdeline,99,74,78,M,5/25/2021
Jay,44,39,17,M,10/5/2020
Autumn Leaf,49,16,64,M,12/8/2020
Dakota,16,65,63,M,1/18/2021
David,16,27,64,M,2/14/2021
La Follette,46,71,12,F,11/27/2020
Texas,97,44,37,M,1/29/2021
Hagan,27,1,31,F,1/5/2021
Rowland,63,65,97,F,12/6/2020
Crownhardt,68,88,80,F,11/11/2020
Merchant,19,92,7,F,1/4/2021
Sauthoff,35,54,29,M,10/26/2020
Lakewood,98,82,66,M,4/13/2021
Burrows,27,20,2,F,6/3/2021
Declaration,96,45,71,M,10/10/2020
Hintze,16,56,45,M,8/6/2021
Morrow,81,46,57,F,11/9/2020
Cardinal,2,31,41,M,3/5/2021
Eastlawn,31,95,62,F,11/23/2020
Corscot,33,32,52,M,5/27/2021
Spohn,17,51,49,M,8/7/2021
Burrows,43,86,51,F,5/30/2021
Welch,52,92,98,M,9/24/2020
Russell,10,40,23,M,6/5/2021
Grover,17,66,40,M,1/9/2021
Elka,65,67,99,M,3/11/2021
Stang,66,47,15,M,3/7/2021
Evergreen,58,55,20,F,6/12/2021
Scofield,65,54,27,M,12/23/2020
Lakewood,49,79,89,F,3/5/2021
Ridge Oak,29,48,65,M,6/13/2021
Bay,9,26,77,F,6/6/2021
Tony,57,75,96,F,7/18/2021
Michigan,10,50,64,F,8/17/2020
Forster,37,22,73,M,2/23/2021
Heath,39,74,38,M,1/9/2021
8th,60,84,97,M,11/18/2020
Lakewood,88,25,62,M,6/22/2021
Havey,48,93,32,M,3/23/2021
Del Mar,55,32,20,F,7/23/2021
Nobel,81,59,96,F,9/13/2020
Anhalt,82,61,81,F,4/20/2021
Meadow Vale,32,20,41,F,10/28/2020
Norway Maple,22,45,63,M,9/26/2020
Fairfield,61,40,98,M,1/22/2021
Anthes,63,98,45,M,4/1/2021
Manitowish,69,56,76,M,9/2/2020
Eastwood,10,1,86,F,8/30/2020
Bartelt,50,31,19,M,1/20/2021
Green,52,89,6,F,4/18/2021
Merchant,11,67,77,F,12/20/2020
Warbler,19,28,40,M,1/22/2021
Iowa,50,70,44,M,10/6/2020
Bashford,18,80,44,F,12/21/2020
Cambridge,67,26,100,M,11/28/2020
Holy Cross,28,59,26,F,4/17/2021
Autumn Leaf,22,43,57,M,6/26/2021
Di Loreto,88,86,14,F,11/11/2020
Bluestem,9,100,11,M,3/24/2021
Killdeer,83,55,33,F,9/12/2020
Weeping Birch,18,47,78,F,8/13/2021
Tony,85,57,79,F,11/2/2020
Loeprich,86,82,1,F,11/4/2020
Northwestern,68,98,59,M,1/9/2021
Stoughton,30,83,37,F,10/10/2020
Fairfield,81,31,10,M,8/7/2021
Harbort,33,95,57,M,10/14/2020
Independence,38,44,87,F,3/9/2021
Huxley,47,54,40,F,6/18/2021
Claremont,100,54,85,F,5/9/2021
5th,75,80,3,M,2/24/2021
Marquette,62,51,9,M,4/5/2021
Valley Edge,33,73,68,M,11/28/2020
Drewry,33,13,93,M,12/15/2020
Dayton,85,62,94,F,9/4/2020
Veith,61,33,49,M,5/23/2021
Barnett,97,14,9,F,3/2/2021
Hauk,17,75,92,M,8/19/2020
Crest Line,51,63,5,M,1/16/2021
Sugar,8,96,89,F,7/1/2021
Dixon,69,67,53,M,3/7/2021
Dexter,70,39,29,M,5/1/2021
Mitchell,28,38,62,F,10/10/2020
Emmet,48,89,31,F,10/25/2020
Mitchell,85,44,45,F,4/9/2021
Main,32,21,52,M,3/1/2021
Melby,92,58,90,M,7/11/2021
Weeping Birch,53,68,63,M,2/17/2021
Packers,31,4,48,M,10/31/2020
Kensington,56,73,74,M,2/11/2021
Carberry,87,64,41,F,9/28/2020
Merchant,34,77,50,F,10/23/2020
Monterey,6,58,38,M,6/18/2021
Scoville,51,11,36,F,1/26/2021
Magdeline,67,62,92,M,12/10/2020
Loftsgordon,97,61,86,M,8/15/2021
Spaight,97,46,60,M,7/31/2021
Farragut,30,20,29,F,6/25/2021
Hansons,29,23,79,F,9/28/2020
Division,28,46,9,M,4/23/2021
Monterey,12,39,74,M,12/20/2020
Victoria,33,94,3,M,4/30/2021
Upham,6,37,17,F,9/26/2020
4th,26,95,74,F,12/18/2020
Randy,1,94,7,M,8/11/2021
Elka,34,79,14,M,11/30/2020
Merry,42,70,88,F,8/9/2021
Fallview,87,64,33,M,10/6/2020
Jenna,1,25,47,F,7/8/2021
Hanover,68,63,94,F,8/11/2021
5th,90,46,58,M,11/24/2020
Toban,83,76,97,M,11/16/2020
Melody,17,35,89,M,8/10/2021
Warrior,37,88,70,M,5/30/2021
Eliot,95,59,85,M,10/12/2020
Macpherson,57,71,11,M,9/4/2020
Mayfield,91,98,48,M,3/2/2021
Crownhardt,86,63,72,F,1/28/2021
5th,63,52,68,F,11/1/2020
Atwood,11,36,48,M,3/4/2021
Bluestem,87,67,49,M,8/31/2020
Warrior,6,79,39,M,1/13/2021
Oakridge,7,94,79,F,1/11/2021
5th,40,61,64,M,8/31/2020
Ohio,33,72,36,F,3/21/2021
Sunfield,62,31,17,M,9/10/2020
Bunker Hill,86,34,66,M,3/28/2021
Schurz,98,46,73,F,12/10/2020
Harper,82,22,95,M,9/2/2020
Petterle,83,23,31,M,10/8/2020
Coolidge,97,21,47,M,8/8/2021
Jenna,41,14,49,M,2/9/2021
Eliot,82,26,20,F,5/5/2021
Dwight,37,74,87,F,6/16/2021
Burrows,2,15,74,F,12/30/2020
Prairieview,83,44,31,M,11/26/2020
Raven,8,71,52,F,8/8/2021
Granby,57,39,28,M,9/23/2020
Sullivan,32,71,7,F,2/8/2021
Fisk,21,78,57,M,12/16/2020
Shoshone,66,20,98,F,12/31/2020
Sutherland,53,82,44,F,2/23/2021
Susan,26,41,2,M,7/18/2021
Bashford,15,2,81,F,8/31/2020
Union,61,73,49,M,1/30/2021
Stoughton,51,74,47,M,2/13/2021
Merrick,57,44,17,F,11/20/2020
Forest,4,9,97,M,10/28/2020
Anhalt,88,60,23,M,11/13/2020
Milwaukee,40,20,95,M,5/4/2021
Maryland,80,2,77,M,6/18/2021
Oak,3,72,56,F,8/13/2021
Hudson,68,60,41,F,8/17/2020
School,69,77,40,F,12/26/2020
Sundown,73,14,59,F,3/13/2021
Lakewood,5,22,88,M,6/16/2021
Hauk,37,94,42,F,7/18/2021
Valley Edge,85,33,17,F,8/27/2020
John Wall,92,59,71,M,2/3/2021
Mosinee,58,38,1,F,11/12/2020
Fremont,69,43,14,M,2/18/2021
Moulton,76,36,41,M,8/25/2020
Melvin,65,48,27,M,12/20/2020
Hintze,38,2,79,M,9/17/2020
Miller,99,98,55,F,9/1/2020
Calypso,42,76,64,F,10/2/2020
Londonderry,15,74,17,F,8/3/2021
Mariners Cove,30,52,4,M,11/25/2020
Summer Ridge,49,33,68,F,4/26/2021
Clemons,62,85,46,M,6/3/2021
Melby,63,33,43,M,11/30/2020
Hansons,66,44,8,M,7/22/2021
Fair Oaks,67,60,25,M,11/29/2020
Saint Paul,25,34,26,M,1/30/2021
Mosinee,67,7,68,M,10/4/2020
Rieder,48,91,46,F,4/18/2021
Debs,6,14,75,M,10/31/2020
Stephen,75,36,28,M,6/19/2021
Jackson,27,32,78,M,4/17/2021
Briar Crest,36,74,100,M,5/3/2021
Brentwood,99,49,35,F,2/3/2021
Talmadge,22,23,42,F,4/5/2021
Dakota,86,69,70,M,3/12/2021
Barnett,35,89,28,F,8/23/2020
Browning,66,81,48,F,11/25/2020
Lotheville,11,46,7,M,7/12/2021
Comanche,94,15,54,M,6/16/2021
Reinke,14,29,69,M,12/5/2020
Myrtle,65,61,91,M,12/20/2020
Thompson,27,21,94,F,6/11/2021
Golf View,21,82,1,M,8/8/2021
Del Mar,46,6,26,M,6/9/2021
Calypso,11,34,52,M,11/29/2020
Armistice,33,75,59,F,3/21/2021
Bunker Hill,65,31,24,F,1/10/2021
Granby,3,41,93,M,3/24/2021
Jana,33,41,19,F,10/10/2020
Cambridge,47,80,63,M,8/21/2020
Pierstorff,21,69,68,F,1/3/2021
Superior,69,77,22,F,7/31/2021
Norway Maple,51,91,64,M,12/4/2020
Monterey,11,68,93,M,8/28/2020
Tomscot,100,36,28,M,4/2/2021
Erie,47,20,21,M,8/23/2020
Farragut,1,3,53,F,4/12/2021
Butternut,6,87,84,M,2/16/2021
Golf Course,53,91,33,M,9/12/2020
Stuart,67,20,10,F,4/21/2021
Elka,44,27,64,F,6/10/2021
Mockingbird,40,51,40,F,5/3/2021
Nelson,98,7,23,F,6/27/2021
Prairie Rose,91,73,53,F,6/3/2021
Hanson,84,14,29,F,4/24/2021
Steensland,99,42,18,F,11/10/2020
Marcy,26,60,45,F,4/14/2021
Maple Wood,95,92,72,F,12/6/2020
Badeau,7,68,37,M,6/23/2021
Elgar,77,33,24,F,5/2/2021
Summerview,20,36,56,F,6/5/2021
Blackbird,5,10,92,F,3/30/2021
Chinook,19,5,60,M,4/26/2021
Haas,69,98,7,F,2/4/2021
Arapahoe,6,70,72,F,4/9/2021
Alpine,75,63,19,M,1/31/2021
Veith,93,25,12,F,1/29/2021
Nova,8,61,74,M,2/12/2021
Daystar,1,9,63,M,3/23/2021
Grover,32,51,27,M,2/22/2021
Lerdahl,54,92,13,M,11/1/2020
Novick,18,79,90,M,10/4/2020
Karstens,48,8,77,M,12/30/2020
Banding,71,26,15,F,2/19/2021
Delladonna,20,47,45,F,3/22/2021
Sage,98,6,11,F,4/6/2021
Grasskamp,16,55,2,F,11/15/2020
Farmco,84,66,62,M,10/16/2020
Spenser,61,75,78,F,6/23/2021
Superior,20,42,48,F,1/19/2021
Oxford,29,55,17,M,4/29/2021
Sherman,48,6,62,M,3/21/2021
Utah,99,96,61,M,2/9/2021
Alpine,82,15,9,M,10/4/2020
Towne,91,6,62,F,11/4/2020
Myrtle,98,91,64,F,8/27/2020
Onsgard,20,3,55,F,8/26/2020
Lien,33,52,98,F,9/30/2020
Summerview,30,15,68,M,12/23/2020
Goodland,55,2,8,F,12/4/2020
Blackbird,63,31,47,F,4/8/2021
Lakeland,5,87,13,F,10/12/2020
Montana,32,67,98,M,12/30/2020
Cody,90,35,36,M,8/25/2020
Corry,13,85,86,F,10/26/2020
Village,8,9,91,M,10/20/2020
Monument,30,89,79,M,5/18/2021
Sunbrook,18,38,55,F,5/29/2021
Mitchell,72,6,20,M,12/6/2020
Dayton,53,73,58,M,2/1/2021
Laurel,94,81,6,M,8/22/2020
Scott,75,16,68,F,5/16/2021
Roth,1,92,24,F,12/2/2020
Brickson Park,61,70,17,M,4/15/2021
Merrick,62,67,76,M,10/22/2020
Arizona,6,30,30,F,8/21/2020
Bowman,40,67,17,M,10/24/2020
Monument,60,61,58,F,5/24/2021
Mccormick,20,51,9,F,11/15/2020
Lakewood,39,69,59,M,6/8/2021
Sunnyside,58,12,8,F,11/15/2020
Texas,53,52,85,F,7/27/2021
Harper,40,5,36,F,9/14/2020
Gerald,89,77,94,F,1/3/2021
Longview,2,72,99,M,12/19/2020
Sunfield,2,26,93,M,8/23/2020
Bluejay,11,10,73,M,7/19/2021
Dakota,50,27,4,F,1/12/2021
Barby,56,86,83,F,12/29/2020
Old Shore,64,57,90,F,11/15/2020
Orin,58,55,9,F,1/13/2021
Gateway,69,5,67,F,4/7/2021
1st,71,13,76,F,12/20/2020
Oak Valley,81,15,22,M,12/29/2020
Laurel,40,54,56,F,10/19/2020
Heath,39,85,79,M,8/11/2021
Melrose,79,68,73,M,9/3/2020
Nova,52,30,97,F,7/11/2021
Schurz,32,37,71,F,10/15/2020
Kingsford,39,94,38,F,5/1/2021
Quincy,84,12,41,F,7/23/2021
Buell,33,73,3,M,6/6/2021
Lakewood Gardens,58,100,66,M,3/25/2021
Kropf,66,59,28,F,4/3/2021
Straubel,69,36,39,M,4/19/2021
Lakeland,29,64,100,F,4/10/2021
Fuller,73,1,49,M,2/6/2021
2nd,100,63,34,M,12/2/2020
Dorton,27,30,61,M,12/17/2020
Superior,98,15,48,M,7/9/2021
Johnson,9,42,95,F,9/22/2020
Sachtjen,50,31,2,F,1/23/2021
Corry,62,9,20,F,7/23/2021
Namekagon,83,50,24,M,7/1/2021
Redwing,79,44,2,M,12/19/2020
Huxley,91,90,11,F,2/17/2021
Carberry,44,2,9,M,11/7/2020
Holy Cross,29,52,22,F,11/16/2020
Mccormick,22,100,75,M,8/22/2020
Kinsman,71,90,94,F,4/23/2021
Chinook,89,27,40,M,9/30/2020
7th,4,26,81,F,9/26/2020
Burning Wood,63,42,48,F,9/16/2020
Northridge,90,58,20,M,12/25/2020
Haas,56,77,54,F,2/8/2021
Little Fleur,45,68,98,F,1/28/2021
Jackson,53,81,71,M,4/12/2021
Montana,45,57,11,M,4/8/2021
Gina,49,57,76,M,1/3/2021
Chive,30,81,42,F,9/24/2020
Mayfield,13,81,62,F,7/2/2021
Leroy,33,50,41,M,8/30/2020
Springview,62,88,16,F,5/5/2021
Fairview,44,5,70,M,3/27/2021
Forster,9,23,24,F,7/9/2021
Mallory,41,76,59,M,11/11/2020
Vernon,51,43,55,F,7/27/2021
3rd,55,21,35,M,5/15/2021
Springs,53,45,79,F,8/30/2020
Morning,92,96,52,M,3/25/2021
Dakota,18,35,69,F,2/13/2021
Erie,98,45,1,F,2/14/2021
Blue Bill Park,19,18,9,F,1/29/2021
Cambridge,94,66,67,M,8/13/2021
Oxford,20,59,50,F,7/14/2021
Mcbride,73,29,12,F,8/4/2021
Esker,98,47,24,F,10/30/2020
Montana,92,51,65,F,10/23/2020
Eastwood,84,53,99,F,6/22/2021
Susan,54,67,15,M,8/19/2020
Knutson,29,86,84,M,2/2/2021
Moland,15,59,94,F,5/17/2021
Rusk,16,97,1,F,5/12/2021
Sloan,88,15,60,M,12/1/2020
Bluejay,93,3,67,F,11/16/2020
Caliangt,31,77,2,M,11/27/2020
Sloan,72,84,67,F,9/12/2020
Welch,93,21,66,F,7/25/2021
Carioca,68,49,32,F,12/3/2020
Ronald Regan,29,32,20,M,11/8/2020
Talmadge,29,76,11,F,8/20/2020
Oak Valley,69,22,36,F,11/5/2020
Hovde,14,55,10,M,3/13/2021
Old Gate,3,30,48,F,8/27/2020
Prairie Rose,84,9,92,M,1/15/2021
Jackson,63,35,59,F,5/31/2021
Troy,82,85,96,M,4/9/2021
Forest Run,15,21,62,F,10/4/2020
Monterey,25,69,29,F,11/6/2020
Anthes,42,98,29,M,10/20/2020
2nd,47,27,7,F,1/14/2021
Wayridge,99,66,74,M,9/1/2020
Lakewood Gardens,89,7,24,M,11/23/2020
Charing Cross,85,75,49,F,11/8/2020
1st,90,38,50,F,7/19/2021
Loomis,29,2,93,F,1/28/2021
Cascade,25,59,42,M,1/26/2021
Holmberg,8,100,51,F,9/10/2020
Hollow Ridge,92,43,75,M,9/13/2020
Anniversary,31,33,43,M,3/20/2021
Cordelia,49,91,63,F,2/8/2021
Ohio,48,35,49,F,6/29/2021
Mandrake,37,75,11,F,12/11/2020
Coolidge,73,54,11,F,1/6/2021
Myrtle,38,23,26,M,2/9/2021
Westridge,19,56,72,M,12/24/2020
Portage,4,7,90,F,9/27/2020
Vidon,81,6,36,F,12/16/2020
Erie,59,49,64,M,1/20/2021
Fisk,9,18,70,M,9/30/2020
John Wall,39,54,17,F,10/7/2020
Goodland,60,99,74,F,6/17/2021
Almo,16,48,57,M,6/26/2021
Forest,92,13,68,F,7/9/2021
Moulton,56,47,65,M,1/21/2021
Corben,76,20,84,M,9/27/2020
Atwood,100,59,77,F,6/16/2021
Bunting,52,80,60,M,3/26/2021
Rockefeller,14,2,13,F,12/3/2020
Sycamore,61,81,96,M,11/9/2020
Miller,51,22,45,F,6/15/2021
Cordelia,93,59,42,F,8/6/2021
Becker,13,95,4,M,9/5/2020
Memorial,75,26,58,F,5/13/2021
Schurz,14,56,21,M,12/18/2020
Thackeray,52,61,88,M,8/14/2021
Kings,38,16,69,M,4/29/2021
Stone Corner,68,50,12,M,10/7/2020
East,26,80,30,M,8/29/2020
Evergreen,44,63,30,M,10/5/2020
Gateway,42,14,91,F,2/28/2021
Mockingbird,86,35,74,M,12/16/2020
Anthes,98,40,52,F,11/27/2020
Delladonna,57,60,41,M,6/18/2021
Monument,41,45,11,M,7/15/2021
Farragut,95,63,28,F,12/14/2020
Stoughton,73,52,100,F,3/20/2021
Vernon,12,47,83,F,10/7/2020
Fair Oaks,19,92,39,F,2/28/2021
Memorial,72,38,85,M,11/25/2020
Mosinee,2,11,8,F,1/9/2021
Fair Oaks,95,72,43,F,1/15/2021
Rutledge,7,10,94,F,9/6/2020
Union,81,31,80,M,1/2/2021
Kensington,98,90,25,F,8/21/2020
Schmedeman,76,12,82,M,3/22/2021
Commercial,67,16,86,F,10/5/2020
Pond,80,32,87,F,4/30/2021
Morningstar,54,61,20,M,5/22/2021
Kennedy,53,18,31,F,8/1/2021
Judy,40,12,90,M,3/24/2021
Jana,4,37,74,F,8/8/2021
Starling,47,87,44,F,1/28/2021
Judy,76,38,70,M,1/9/2021
Valley Edge,38,90,18,F,10/7/2020
Sycamore,71,57,40,F,2/17/2021
Kim,43,93,51,F,8/6/2021
Pankratz,94,53,72,F,12/6/2020
Cardinal,51,39,66,F,12/7/2020
Schurz,67,95,23,M,3/16/2021
Hooker,53,84,64,F,8/12/2021
Jackson,45,46,7,M,1/18/2021
Buena Vista,27,75,32,M,9/15/2020
Southridge,43,45,78,F,2/20/2021
Burrows,53,63,100,M,3/3/2021
Dennis,79,56,34,F,1/24/2021
Evergreen,78,25,26,M,4/8/2021
Barnett,22,44,26,F,6/12/2021
Anniversary,82,37,74,F,10/8/2020
Acker,43,22,29,F,9/15/2020
Rieder,61,49,37,F,11/30/2020
Stoughton,58,4,29,M,3/21/2021
Bellgrove,82,60,28,M,3/17/2021
Mallory,55,29,97,F,8/25/2020
Cody,84,79,54,M,1/11/2021
Blackbird,12,65,11,F,1/30/2021
Manufacturers,74,15,20,M,8/17/2020
Crescent Oaks,6,96,4,M,2/12/2021
Heath,51,94,85,M,1/17/2021
Redwing,19,8,37,F,2/28/2021
Prairie Rose,71,16,50,M,3/2/2021
Fieldstone,39,88,41,F,2/26/2021
Mesta,8,48,25,F,9/17/2020
Lerdahl,32,84,7,F,9/9/2020
Oak,87,71,48,F,9/19/2020
Waubesa,74,40,13,F,11/28/2020
Bellgrove,59,5,15,M,5/12/2021
Parkside,46,78,17,M,7/12/2021
Moose,8,68,90,M,5/24/2021
Dunning,91,17,8,F,3/30/2021
Fieldstone,18,40,62,F,4/19/2021
Susan,88,2,69,M,11/5/2020
Darwin,96,19,28,F,3/27/2021
Merrick,7,71,31,F,4/20/2021
Declaration,26,47,21,F,10/12/2020
Emmet,56,86,96,F,3/8/2021
Prairie Rose,67,13,54,M,10/23/2020
Moulton,92,78,55,M,2/19/2021
Menomonie,63,15,47,F,9/7/2020
Cody,42,44,91,F,5/20/2021
Bellgrove,90,2,29,F,11/25/2020
Corscot,14,92,61,M,9/30/2020
Superior,46,77,15,F,8/15/2021
Delladonna,82,70,27,F,7/21/2021
Helena,39,54,33,M,11/26/2020
Corscot,94,10,95,F,6/20/2021
Hintze,84,8,89,M,5/10/2021
Judy,79,49,4,M,10/26/2020
Old Shore,53,18,26,F,3/19/2021
Randy,98,48,51,F,3/9/2021
Dottie,97,15,14,F,2/25/2021
Buena Vista,81,96,31,F,10/10/2020
Huxley,92,41,24,F,2/22/2021
Melvin,99,34,76,M,10/9/2020
Ramsey,2,52,21,M,1/25/2021
Morningstar,32,44,38,M,11/10/2020
Saint Paul,59,46,39,F,1/1/2021
Gateway,40,51,96,F,9/19/2020
Mockingbird,10,18,61,F,5/6/2021
Aberg,45,24,49,M,8/16/2020
Northridge,89,94,25,M,9/29/2020
Kipling,50,98,67,F,7/30/2021
Lakewood Gardens,59,3,51,M,12/21/2020
Twin Pines,77,93,21,M,9/27/2020
Glacier Hill,97,13,89,F,12/18/2020
Muir,74,50,1,M,9/26/2020
Rockefeller,10,28,83,F,6/22/2021
Raven,57,5,79,M,7/7/2021
Westerfield,4,8,10,M,11/30/2020
Luster,46,86,68,F,9/25/2020
Main,53,41,94,M,4/30/2021
Clarendon,9,34,48,M,4/1/2021
Calypso,77,54,58,M,11/20/2020
Hanover,82,75,16,F,12/7/2020
Morning,91,86,48,M,2/8/2021
Forest,51,67,3,F,1/9/2021
Fieldstone,35,80,52,F,5/19/2021
Oakridge,13,83,26,F,1/25/2021
High Crossing,67,11,18,M,7/18/2021
Fordem,89,26,64,F,10/9/2020
Hansons,66,17,65,F,10/15/2020
Westend,54,89,81,M,9/4/2020
American Ash,89,30,56,F,7/15/2021
Division,17,32,67,F,2/27/2021
Barnett,6,42,32,F,6/19/2021
Harbort,41,96,52,F,3/12/2021
Vidon,13,40,48,M,5/26/2021
Village Green,59,50,40,F,3/1/2021
Farwell,41,88,33,M,9/27/2020
Charing Cross,63,81,90,M,11/30/2020
Maple Wood,28,65,67,F,5/2/2021
Talisman,74,48,69,M,10/5/2020
Corscot,58,70,39,M,1/14/2021
Donald,38,98,64,F,9/3/2020
Clarendon,82,23,35,M,8/30/2020
Eastwood,72,64,94,M,12/30/2020
Hayes,21,59,8,M,2/12/2021
Sage,16,37,88,M,9/27/2020
Schmedeman,37,54,64,M,11/30/2020
Autumn Leaf,34,51,23,M,8/8/2021
Garrison,16,32,51,M,9/5/2020
Grim,22,94,34,M,8/6/2021
Drewry,50,88,98,F,1/5/2021
Manley,99,67,100,F,2/17/2021
Leroy,63,24,9,F,10/4/2020
Bartillon,48,62,91,F,8/16/2020
Oakridge,26,83,51,F,1/13/2021
Express,26,65,3,F,11/6/2020
Mallard,41,54,94,F,12/1/2020
Luster,44,80,13,F,3/12/2021
Heffernan,40,81,27,M,9/3/2020
Hazelcrest,95,1,32,F,1/1/2021
Petterle,28,13,93,F,10/9/2020
Loeprich,4,69,71,M,3/5/2021
Stang,33,90,54,M,5/9/2021
Rieder,91,88,13,M,5/3/2021
Oneill,74,70,67,F,12/26/2020
Cardinal,36,86,50,M,4/8/2021
Sugar,93,12,54,F,10/14/2020
Hazelcrest,34,96,85,M,4/27/2021
Sheridan,54,80,67,F,8/3/2021
Scofield,13,54,32,M,9/15/2020
Mallory,71,36,90,F,4/26/2021
Forest Dale,24,60,76,M,6/15/2021
Dakota,19,35,80,F,1/25/2021
Jenna,9,86,52,F,12/10/2020
Blue Bill Park,18,20,59,M,9/7/2020
Northland,1,32,84,M,5/5/2021
Kings,45,99,79,F,6/12/2021
1st,57,20,12,M,11/12/2020
Talisman,8,14,36,M,3/4/2021
Kipling,58,43,51,F,7/25/2021
New Castle,65,96,10,F,6/30/2021
Sachs,53,42,92,F,2/18/2021
Magdeline,1,48,27,M,5/10/2021
Southridge,62,70,82,M,10/31/2020
Killdeer,74,49,7,M,12/29/2020
Cordelia,90,60,78,M,12/21/2020
Hoepker,9,22,91,M,12/17/2020
Scofield,81,59,90,M,8/16/2020
Nevada,27,88,60,F,1/17/2021
Corscot,54,51,49,F,6/30/2021
David,73,56,5,M,4/15/2021
Knutson,65,75,95,F,3/8/2021
Hansons,37,56,55,F,7/11/2021
Forest Dale,14,2,10,M,2/16/2021
Grayhawk,77,25,4,M,11/8/2020
Dennis,2,23,18,M,9/29/2020
Fulton,41,19,22,F,12/22/2020
Debs,100,9,76,F,9/15/2020
Center,11,87,69,M,12/24/2020
Oneill,89,99,54,M,6/30/2021
Dovetail,75,58,28,F,4/6/2021
Pawling,10,2,92,F,7/21/2021
Michigan,61,99,18,M,3/6/2021
Badeau,6,49,48,F,10/8/2020
Golf View,18,13,62,M,8/5/2021
Arapahoe,83,73,89,M,5/4/2021
Sage,36,32,96,M,11/17/2020
3rd,1,38,96,F,10/12/2020
Atwood,27,85,67,M,7/17/2021
Birchwood,87,62,50,M,7/29/2021
Hoepker,34,7,38,F,4/19/2021
Vermont,28,39,34,M,9/24/2020
Hauk,6,53,57,F,11/7/2020
Fieldstone,4,69,26,F,3/30/2021
Jenifer,72,25,44,F,11/9/2020
Tony,66,100,57,M,2/19/2021
Continental,4,92,5,F,7/9/2021
Upham,33,13,84,F,7/3/2021
Rutledge,57,42,59,M,9/18/2020
Lake View,98,60,100,F,9/10/2020
Eagle Crest,82,28,45,M,6/19/2021
Orin,33,25,92,F,11/2/2020
Brown,34,68,42,F,4/5/2021
Golf View,84,75,24,M,7/4/2021
Maple Wood,54,81,41,F,3/11/2021
Mesta,39,51,77,M,3/29/2021
Bartillon,86,54,15,M,2/14/2021
Canary,7,19,42,M,3/4/2021
Pennsylvania,46,31,14,M,8/27/2020
Shopko,65,9,35,M,9/28/2020
Roth,36,24,91,M,10/4/2020
Morrow,29,13,74,F,11/7/2020
Sycamore,83,34,70,F,8/3/2021
Anderson,98,3,40,F,3/28/2021
Hallows,35,76,96,M,3/17/2021
Golden Leaf,82,33,59,M,10/3/2020
Atwood,25,80,26,M,8/28/2020
3rd,53,57,19,F,2/17/2021
Utah,14,9,43,F,5/25/2021
Fairview,24,40,14,M,7/11/2021
Bluejay,1,21,90,M,6/25/2021
Killdeer,71,84,23,F,5/12/2021
Claremont,72,18,8,M,10/27/2020
Forest,57,9,26,F,8/30/2020
1st,29,80,65,F,2/12/2021
Fulton,4,76,17,M,2/3/2021
Dayton,85,14,73,M,7/11/2021
Stang,40,42,92,M,7/19/2021
Pawling,34,74,94,M,10/22/2020
Ohio,95,5,23,M,6/21/2021
3rd,62,80,88,M,5/28/2021
Morrow,7,97,25,F,12/29/2020
Hauk,50,76,69,F,2/5/2021
Meadow Vale,59,55,55,F,11/30/2020
Mosinee,50,63,52,F,7/15/2021
Northland,90,29,19,F,10/15/2020
Fremont,81,6,42,F,12/3/2020
Debs,17,46,100,F,12/24/2020
Summerview,70,50,12,M,3/14/2021
Dawn,67,39,94,M,7/31/2021
Sauthoff,30,94,43,M,11/14/2020
Sauthoff,20,97,62,F,1/18/2021
Oak Valley,5,74,33,F,2/5/2021
Loomis,81,83,18,F,8/29/2020
Novick,61,38,76,M,10/28/2020
Comanche,45,1,91,F,7/11/2021
Carpenter,39,69,26,M,3/28/2021
Golf Course,61,81,72,M,7/5/2021
Esker,84,38,61,F,2/19/2021
Stone Corner,40,9,73,F,7/16/2021
7th,54,27,65,F,3/16/2021
Mendota,53,11,3,M,5/25/2021
Anthes,22,79,100,F,7/9/2021
American,61,34,73,F,1/28/2021
Cody,18,26,74,M,9/2/2020
Lakeland,61,10,100,F,3/5/2021
Barby,99,16,19,M,5/21/2021
Toban,40,78,31,M,3/31/2021
Mosinee,3,29,80,M,7/1/2021
Holy Cross,17,72,68,F,4/6/2021
Coleman,30,5,64,M,1/28/2021
Ilene,61,49,54,M,10/22/2020
Ludington,87,45,43,F,4/10/2021
Saint Paul,4,25,35,M,3/30/2021
Forest Dale,6,57,9,F,7/21/2021
Pepper Wood,71,13,26,M,12/3/2020
Buena Vista,11,20,80,F,2/16/2021
Scofield,56,43,1,M,2/7/2021
Village,99,74,28,F,6/16/2021
Hagan,78,59,4,F,6/23/2021
Westport,27,100,93,M,9/18/2020
Dexter,97,71,36,M,8/7/2021
Randy,83,28,64,M,6/11/2021
Summit,73,24,37,F,4/6/2021
Veith,19,74,10,F,9/2/2020
Bellgrove,26,19,32,F,5/30/2021
Logan,37,29,16,M,8/6/2021
Bartillon,85,30,25,F,8/14/2021
Shasta,93,25,26,F,6/26/2021
New Castle,97,70,11,F,5/19/2021
Orin,24,40,69,F,8/19/2020
Mendota,1,68,39,M,7/12/2021
Golf Course,56,12,94,F,12/14/2020
Clarendon,89,53,77,F,11/7/2020
Kennedy,54,83,54,M,4/19/2021
Twin Pines,41,71,56,M,5/9/2021
Bunting,99,21,57,F,10/25/2020
North,43,57,72,F,8/18/2020
Bunting,72,99,16,M,6/18/2021
Forest Run,82,91,92,M,11/8/2020
Crescent Oaks,74,65,1,F,1/18/2021
Declaration,100,48,48,M,5/7/2021
Meadow Ridge,83,35,2,F,6/26/2021
Aberg,1,64,88,M,3/10/2021
Hanson,63,37,60,M,9/20/2020
Rusk,75,63,51,F,6/5/2021
Milwaukee,24,96,19,F,10/7/2020
Gulseth,85,32,93,M,1/5/2021
Brentwood,12,55,64,F,2/17/2021
Anderson,55,68,97,F,12/14/2020
Shoshone,88,84,82,M,1/13/2021
Summerview,81,25,22,F,7/6/2021
Lighthouse Bay,33,4,52,F,1/29/2021
Linden,88,13,33,F,2/18/2021
Crest Line,72,53,25,M,2/10/2021
Transport,66,42,57,F,8/29/2020
Park Meadow,71,66,39,M,6/6/2021
Esch,65,8,39,M,12/13/2020
Stone Corner,79,80,87,F,3/2/2021
Atwood,83,73,82,M,4/10/2021
Vermont,23,78,56,F,11/15/2020
Miller,3,65,27,M,10/13/2020
Dawn,8,61,72,F,8/22/2020
Everett,12,59,11,F,3/7/2021
